{
    "num_leaves": 216,
    "learning_rate": 0.03315396185923432,
    "n_estimators": 347,
    "min_child_samples": 10,
    "reg_alpha": 0.0008959071753598509,
    "reg_lambda": 0.014006718722084059,
    "colsample_bytree": 0.5295966713579825,
    "subsample": 0.874832401312016,
    "max_depth": 3,
    "feature_fraction": 0.6561260982050167,
    "bagging_fraction": 0.8812261620528629,
    "bagging_freq": 5,
    "scale_pos_weight": 0.6259430973845609
}