{
    "num_leaves": 451,
    "learning_rate": 0.006672779862537888,
    "n_estimators": 1625,
    "min_child_samples": 10,
    "reg_alpha": 0.024820660711765034,
    "reg_lambda": 0.09022870971284112,
    "colsample_bytree": 0.6982888846598563,
    "subsample": 0.5987861814347303,
    "max_depth": 3,
    "feature_fraction": 0.9174153363570763,
    "bagging_fraction": 0.8712818587586867,
    "bagging_freq": 1
}