{
    "num_leaves": 270,
    "learning_rate": 0.009953913584639366,
    "n_estimators": 472,
    "min_child_samples": 80,
    "reg_alpha": 0.0008385942683193402,
    "reg_lambda": 0.2280016975075822,
    "colsample_bytree": 0.5439066343373379,
    "subsample": 0.690464330621352,
    "max_depth": 3,
    "feature_fraction": 0.8824664555958993,
    "bagging_fraction": 0.7249244490538288,
    "bagging_freq": 3
}